{
  "unsup_val_mIoU": 0.1474443039037559,
  "unsup_val_pixel_acc": 0.3709777699633948,
  "mapping": {
    "0": 4,
    "1": 1,
    "2": 3,
    "4": 2,
    "5": 0
  },
  "per_class_IoU": [
    0.2543133502984348,
    0.04703500219247331,
    0.10128702902841175,
    0.042657940951323095,
    0.2919281970481366
  ]
}