{
  "miou": 0.35570141673088074,
  "mdice": 0.50974440574646,
  "pixel_acc": 0.627295196056366,
  "iou_per_class": [
    0.5434008240699768,
    0.1654568314552307,
    0.45210328698158264,
    0.2519957721233368,
    0.36555030941963196
  ],
  "dice_per_class": [
    0.7041603326797485,
    0.28393474221229553,
    0.6226875185966492,
    0.40255051851272583,
    0.5353890061378479
  ]
}