{
  "epoch": 45,
  "train_loss": [
    1.5517868307821145,
    1.2949769988235837,
    1.220167886150633,
    1.2330716263963446,
    1.2148425165329475,
    1.2114155613160702,
    1.1915607359300726,
    1.1753987821219025,
    1.1759731360991967,
    1.1251913034993501,
    1.154653196738237,
    1.1303120686020096,
    1.0934994361664365,
    1.0200348308960425,
    1.070876999687476,
    1.100281067370334,
    1.0406016620793208,
    1.066156674362315,
    1.0023085552544502,
    1.0363146101575094,
    1.0361473425867243,
    1.0404932827339255,
    0.9924372385484278,
    1.0647817459644309,
    0.9987074025540962,
    1.0166364124695288,
    1.0117134793202944,
    1.0291042653702345,
    0.988459892231575,
    1.0121740679420257,
    0.9861549870828227,
    1.009857372968678,
    0.9770710173501368,
    0.9851866502823902,
    0.958984134512713,
    0.9813419262395764,
    0.9398240350073692,
    0.944323719582175,
    0.9501762397894373,
    0.9259150403182057,
    0.9430960634008146,
    0.9573777713641168,
    0.9362793535058772,
    0.9342389794595847,
    0.9376176740497415
  ],
  "val_loss": [
    1.6969270478124203,
    1.4041445545528246,
    1.3067832967509394,
    1.297918458606886,
    1.6861030018847922,
    1.2762644270192023,
    1.4312359654385112,
    1.256847249943277,
    1.2918951946756114,
    1.2679285194562828,
    1.2799509214318316,
    1.3492488705593606,
    1.1871866516444993,
    1.1522051334381103,
    1.2441680441731993,
    1.2345990139505139,
    1.2806614347126173,
    1.3878856959550276,
    1.1722771779350611,
    1.1476864441581394,
    1.11913917168327,
    1.1287246133970177,
    1.176037421433822,
    1.20786306132441,
    1.1170821459397027,
    1.2870777876480766,
    1.1384146721466728,
    1.1152576394703078,
    1.1781385629073433,
    1.1335580784341563,
    1.1636082379714303,
    1.2934463272924008,
    1.1232268126114555,
    1.1716343890065732,
    1.115609643770301,
    1.160460673207822,
    1.1278450603070467,
    1.1511166904283607,
    1.1300695730292278,
    1.132103273142939,
    1.1299766664919646,
    1.144739461981732,
    1.178352255406587,
    1.1185962759930155,
    1.1449571132659913
  ],
  "train_miou": [
    0.4010850787162781,
    0.520855188369751,
    0.5538399815559387,
    0.5522192716598511,
    0.5795968174934387,
    0.5636690855026245,
    0.5817394256591797,
    0.5940726399421692,
    0.5897600054740906,
    0.6009821891784668,
    0.5954582691192627,
    0.6039160490036011,
    0.6348483562469482,
    0.6607324481010437,
    0.646117091178894,
    0.6235247850418091,
    0.6448900699615479,
    0.6303370594978333,
    0.6624855399131775,
    0.6619662046432495,
    0.6390583515167236,
    0.6545014381408691,
    0.6689576506614685,
    0.6227538585662842,
    0.6688997149467468,
    0.6679003238677979,
    0.6682904958724976,
    0.6514961123466492,
    0.6807463765144348,
    0.6677900552749634,
    0.6566984057426453,
    0.6719673871994019,
    0.6764391660690308,
    0.6714233160018921,
    0.6836141347885132,
    0.6738269329071045,
    0.691483199596405,
    0.6943594217300415,
    0.6822942495346069,
    0.7062305212020874,
    0.699166476726532,
    0.685809314250946,
    0.7057644128799438,
    0.6986268162727356,
    0.700276255607605
  ],
  "val_miou": [
    0.3033590614795685,
    0.45588627457618713,
    0.4951704144477844,
    0.5059046745300293,
    0.39066702127456665,
    0.5476604700088501,
    0.46431130170822144,
    0.565695583820343,
    0.5241070985794067,
    0.5352379083633423,
    0.5176074504852295,
    0.46946287155151367,
    0.5731401443481445,
    0.5821231603622437,
    0.5602549910545349,
    0.5147520899772644,
    0.5256977081298828,
    0.4471959173679352,
    0.5647529363632202,
    0.596286952495575,
    0.5914784073829651,
    0.5953333973884583,
    0.5658180117607117,
    0.5405570864677429,
    0.6080628633499146,
    0.5203835964202881,
    0.5860666632652283,
    0.6062357425689697,
    0.5700251460075378,
    0.5838755369186401,
    0.5575312972068787,
    0.4921894967556,
    0.6012791395187378,
    0.5681341886520386,
    0.6116803884506226,
    0.5763974189758301,
    0.5951030850410461,
    0.580842912197113,
    0.5874564051628113,
    0.591794490814209,
    0.5934370160102844,
    0.5837778449058533,
    0.5703483819961548,
    0.6042183041572571,
    0.5884822607040405
  ],
  "select_by": "val_miou"
}