{
  "pixel_acc": 0.407524307914402,
  "iou_per_class": [
    0.21361012209684524,
    0.032423477741606026,
    0.11367470779238677,
    0.2157220961774638,
    0.3980562168596468
  ],
  "miou": 0.19469732413358973,
  "dice_per_class": [
    0.352024292163574,
    0.0628104231270125,
    0.2041434666640166,
    0.3548871849179156,
    0.5694423615579235
  ],
  "mdice": 0.30866154568608845
}