{
  "pixel_acc": 0.2897977828979491,
  "iou_per_class": [
    0.2263907437175065,
    0.013030228152540924,
    0.15815601000136534,
    0.07048668615099979,
    0.2236330940557876
  ],
  "miou": 0.13833935241564005,
  "dice_per_class": [
    0.3691983894647766,
    0.025725250422791623,
    0.2731169352584526,
    0.1316909160345356,
    0.3655231215013081
  ],
  "mdice": 0.2330509225363729
}