{
  "pixel_acc": 0.4953324000039116,
  "miou": 0.18048810491123257,
  "mdice": 0.2695110461044246,
  "iou_per_class": [
    0.4547459035743009,
    0.0,
    0.0,
    0.15882233587747796,
    0.28887228510438406
  ],
  "dice_per_class": [
    0.6251894608632247,
    0.0,
    0.0,
    0.2741098975404461,
    0.44825587211845225
  ],
  "K": 10
}