{
  "loss": 1.6837746997674305,
  "pixel_acc": 0.6272948384284973,
  "miou": 0.3557012677192688,
  "mdice": 0.5097442269325256,
  "iou_per_class": [
    0.5434004068374634,
    0.1654568314552307,
    0.45210328698158264,
    0.25199541449546814,
    0.36555030941963196
  ],
  "dice_per_class": [
    0.7041599750518799,
    0.28393474221229553,
    0.6226875185966492,
    0.4025500416755676,
    0.5353890061378479
  ]
}