{
  "test": {
    "mIoU": 0.4112374817761125,
    "pixel_acc": 0.7296110788981119,
    "per_class_IoU": [
      0.6746577797320064,
      0.20616674555412667,
      0.489759461367215,
      0.26013352540306933,
      0.4254698968241455
    ]
  },
  "full": {
    "mIoU": 0.6461137887537701,
    "pixel_acc": 0.8204772472381592,
    "per_class_IoU": [
      0.6891910312113477,
      0.5945057845823353,
      0.5331450807534694,
      0.6519395365864066,
      0.7617875106352914
    ]
  }
}