{
  "test": {
    "mIoU": 0.35468143630693644,
    "pixel_acc": 0.6797777811686198,
    "per_class_IoU": [
      0.6169962322070905,
      0.10416342614196038,
      0.45204529506004465,
      0.25345242201623885,
      0.34674980610934775
    ]
  },
  "full": {
    "mIoU": 0.4975941226264785,
    "pixel_acc": 0.7376486460367838,
    "per_class_IoU": [
      0.5652378231452357,
      0.262811062725463,
      0.49094025171384426,
      0.49670516701940204,
      0.6722763085284474
    ]
  }
}