{
  "test": {
    "mIoU": 0.45827700596791876,
    "pixel_acc": 0.7354923884073893,
    "per_class_IoU": [
      0.6528788150528084,
      0.20136403211763473,
      0.5911028053443312,
      0.3563105830339872,
      0.48972879429083216
    ]
  },
  "full": {
    "mIoU": 0.6440331881517416,
    "pixel_acc": 0.8174035549163818,
    "per_class_IoU": [
      0.66927046650496,
      0.5354451214230022,
      0.5909953987133735,
      0.6573336216074424,
      0.7671213325099301
    ]
  }
}