{
  "miou": 0.42371219396591187,
  "mdice": 0.5802022814750671,
  "pixel_acc": 0.7004960179328918,
  "iou_per_class": [
    0.6256248950958252,
    0.21054449677467346,
    0.49088284373283386,
    0.31670230627059937,
    0.47480639815330505
  ],
  "dice_per_class": [
    0.7697038650512695,
    0.3478509187698364,
    0.6585129499435425,
    0.48105376958847046,
    0.6438897848129272
  ]
}